Productname,ID,Type,SameID,Description
Golden-Delicious,0,Apple,0,/iconic-images-and-descriptions/Fruit/Apple/Golden-Delicious/Golden-Delicious_Description.txt
Granny-Smith,1,Apple,0,/iconic-images-and-descriptions/Fruit/Apple/Granny-Smith/Granny-Smith_Description.txt
Pink-Lady,2,Apple,0,/iconic-images-and-descriptions/Fruit/Apple/Pink-Lady/Pink-Lady_Description.txt
Red-Delicious,3,Apple,0,/iconic-images-and-descriptions/Fruit/Apple/Red-Delicious/Red-Delicious_Description.txt
Royal-Gala,4,Apple,0,/iconic-images-and-descriptions/Fruit/Apple/Royal-Gala/Royal-Gala_Description.txt
Avocado,5,Avocado,1,/iconic-images-and-descriptions/Fruit/Avocado/Avocado_Description.txt
Banana,6,Banana,2,/iconic-images-and-descriptions/Fruit/Banana/Banana_Description.txt
Kiwi,7,Kiwi,3,/iconic-images-and-descriptions/Fruit/Kiwi/Kiwi_Description.txt
Lemon,8,Lemon,4,/iconic-images-and-descriptions/Fruit/Lemon/Lemon_Description.txt
Lime,9,Lime,5,/iconic-images-and-descriptions/Fruit/Lime/Lime_Description.txt
Mango,10,Mango,6,/iconic-images-and-descriptions/Fruit/Mango/Mango_Description.txt
Cantaloupe,11,Melon,7,/iconic-images-and-descriptions/Fruit/Melon/Cantaloupe/Cantaloupe_Description.txt
Galia-Melon,12,Melon,7,/iconic-images-and-descriptions/Fruit/Melon/Galia-Melon/Galia-Melon_Description.txt
Honeydew-Melon,13,Melon,7,/iconic-images-and-descriptions/Fruit/Melon/Honeydew-Melon/Honeydew-Melon_Description.txt
Watermelon,14,Melon,7,/iconic-images-and-descriptions/Fruit/Melon/Watermelon/Watermelon_Description.txt
Nectarine,15,Nectarine,8,/iconic-images-and-descriptions/Fruit/Nectarine/Nectarine_Description.txt
Orange,16,Orange,9,/iconic-images-and-descriptions/Fruit/Orange/Orange_Description.txt
Papaya,17,Papaya,10,/iconic-images-and-descriptions/Fruit/Papaya/Papaya_Description.txt
Passion-Fruit,18,Passion,11,/iconic-images-and-descriptions/Fruit/Passion-Fruit/Passion-Fruit_Description.txt
Peach,19,Peach,12,/iconic-images-and-descriptions/Fruit/Peach/Peach_Description.txt
Anjou,20,Pear,13,/iconic-images-and-descriptions/Fruit/Pear/Anjou/Anjou_Description.txt
Conference,21,Pear,13,/iconic-images-and-descriptions/Fruit/Pear/Conference/Conference_Description.txt
Kaiser,22,Pear,13,/iconic-images-and-descriptions/Fruit/Pear/Kaiser/Kaiser_Description.txt
Pineapple,23,Pineapple,14,/iconic-images-and-descriptions/Fruit/Pineapple/Pineapple_Description.txt
Plum,24,Plum,15,/iconic-images-and-descriptions/Fruit/Plum/Plum_Description.txt
Pomegranate,25,Pomegranate,16,/iconic-images-and-descriptions/Fruit/Pomegranate/Pomegranate_Description.txt
Red-Grapefruit,26,Grapefruit,17,/iconic-images-and-descriptions/Fruit/Red-Grapefruit/Red-Grapefruit_Description.txt
Satsumas,27,Satsumas,18,/iconic-images-and-descriptions/Fruit/Satsumas/Satsumas_Description.txt
Bravo-Apple-Juice,28,Juice,19,/iconic-images-and-descriptions/Packages/Juice/Bravo-Apple-Juice/Bravo-Apple-Juice_Description.txt
Bravo-Orange-Juice,29,Juice,19,/iconic-images-and-descriptions/Packages/Juice/Bravo-Orange-Juice/Bravo-Orange-Juice_Description.txt
God-Morgon-Apple-Juice,30,Juice,19,/iconic-images-and-descriptions/Packages/Juice/God-Morgon-Apple-Juice/God-Morgon-Apple-Juice_Description.txt
God-Morgon-Orange-Juice,31,Juice,19,/iconic-images-and-descriptions/Packages/Juice/God-Morgon-Orange-Juice/God-Morgon-Orange-Juice_Description.txt
God-Morgon-Orange-Red-Grapefruit-Juice,32,Juice,19,/iconic-images-and-descriptions/Packages/Juice/God-Morgon-Orange-Red-Grapefruit-Juice/God-Morgon-Orange-Red-Grapefruit-Juice_Description.txt
God-Morgon-Red-Grapefruit-Juice,33,Juice,19,/iconic-images-and-descriptions/Packages/Juice/God-Morgon-Red-Grapefruit-Juice/God-Morgon-Red-Grapefruit-Juice_Description.txt
Tropicana-Apple-Juice,34,Juice,19,/iconic-images-and-descriptions/Packages/Juice/Tropicana-Apple-Juice/Tropicana-Apple-Juice_Description.txt
Tropicana-Golden-Grapefruit,35,Juice,19,/iconic-images-and-descriptions/Packages/Juice/Tropicana-Golden-Grapefruit/Tropicana-Golden-Grapefruit_Description.txt
Tropicana-Juice-Smooth,36,Juice,19,/iconic-images-and-descriptions/Packages/Juice/Tropicana-Juice-Smooth/Tropicana-Juice-Smooth_Description.txt
Tropicana-Mandarin-Morning,37,Juice,19,/iconic-images-and-descriptions/Packages/Juice/Tropicana-Mandarin-Morning/Tropicana-Mandarin-Morning_Description.txt
Arla-Ecological-Medium-Fat-Milk,38,Milk,20,/iconic-images-and-descriptions/Packages/Milk/Arla-Ecological-Medium-Fat-Milk/Arla-Ecological-Medium-Fat-Milk_Description.txt
Arla-Lactose-Medium-Fat-Milk,39,Milk,20,/iconic-images-and-descriptions/Packages/Milk/Arla-Lactose-Medium-Fat-Milk/Arla-Lactose-Medium-Fat-Milk_Description.txt
Arla-Medium-Fat-Milk,40,Milk,20,/iconic-images-and-descriptions/Packages/Milk/Arla-Medium-Fat-Milk/Arla-Medium-Fat-Milk_Description.txt
Arla-Standard-Milk,41,Milk,20,/iconic-images-and-descriptions/Packages/Milk/Arla-Standard-Milk/Arla-Standard-Milk_Description.txt
Garant-Ecological-Medium-Fat-Milk,42,Milk,20,/iconic-images-and-descriptions/Packages/Milk/Garant-Ecological-Medium-Fat-Milk/Garant-Ecological-Medium-Fat-Milk_Description.txt
Garant-Ecological-Standard-Milk,43,Milk,20,/iconic-images-and-descriptions/Packages/Milk/Garant-Ecological-Standard-Milk/Garant-Ecological-Standard-Milk_Description.txt
Oatly-Natural-Oatghurt,44,Oat,22,/iconic-images-and-descriptions/Packages/Oatghurt/Oatly-Natural-Oatghurt/Oatly-Natural-Oatghurt_Description.txt
Oatly-Oat-Milk,45,Oat,22,/iconic-images-and-descriptions/Packages/Oat-Milk/Oatly-Oat-Milk/Oatly-Oat-Milk_Description.txt
Arla-Ecological-Sour-Cream,46,Sour,23,/iconic-images-and-descriptions/Packages/Sour-Cream/Arla-Ecological-Sour-Cream/Arla-Ecological-Sour-Cream_Description.txt
Arla-Sour-Cream,47,Sour,23,/iconic-images-and-descriptions/Packages/Sour-Cream/Arla-Sour-Cream/Arla-Sour-Cream_Description.txt
Arla-Sour-Milk,48,Sour,23,/iconic-images-and-descriptions/Packages/Sour-Milk/Arla-Sour-Milk/Arla-Sour-Milk_Description.txt
Alpro-Blueberry-Soyghurt,49,Soy,25,/iconic-images-and-descriptions/Packages/Soyghurt/Alpro-Blueberry-Soyghurt/Alpro-Blueberry-Soyghurt_Description.txt
Alpro-Vanilla-Soyghurt,50,Soy,25,/iconic-images-and-descriptions/Packages/Soyghurt/Alpro-Vanilla-Soyghurt/Alpro-Vanilla-Soyghurt_Description.txt
Alpro-Fresh-Soy-Milk,51,Soy,25,/iconic-images-and-descriptions/Packages/Soy-Milk/Alpro-Fresh-Soy-Milk/Alpro-Fresh-Soy-Milk_Description.txt
Alpro-Shelf-Soy-Milk,52,Soy,25,/iconic-images-and-descriptions/Packages/Soy-Milk/Alpro-Shelf-Soy-Milk/Alpro-Shelf-Soy-Milk_Description.txt
Arla-Mild-Vanilla-Yoghurt,53,Yoghurt,27,/iconic-images-and-descriptions/Packages/Yoghurt/Arla-Mild-Vanilla-Yoghurt/Arla-Mild-Vanilla-Yoghurt_Description.txt
Arla-Natural-Mild-Low-Fat-Yoghurt,54,Yoghurt,27,/iconic-images-and-descriptions/Packages/Yoghurt/Arla-Natural-Mild-Low-Fat-Yoghurt/Arla-Natural-Mild-Low-Fat-Yoghurt_Description.txt
Arla-Natural-Yoghurt,55,Yoghurt,27,/iconic-images-and-descriptions/Packages/Yoghurt/Arla-Natural-Yoghurt/Arla-Natural-Yoghurt_Description.txt
Valio-Vanilla-Yoghurt,56,Yoghurt,27,/iconic-images-and-descriptions/Packages/Yoghurt/Valio-Vanilla-Yoghurt/Valio-Vanilla-Yoghurt_Description.txt
Yoggi-Strawberry-Yoghurt,57,Yoghurt,27,/iconic-images-and-descriptions/Packages/Yoghurt/Yoggi-Strawberry-Yoghurt/Yoggi-Strawberry-Yoghurt_Description.txt
Yoggi-Vanilla-Yoghurt,58,Yoghurt,27,/iconic-images-and-descriptions/Packages/Yoghurt/Yoggi-Vanilla-Yoghurt/Yoggi-Vanilla-Yoghurt_Description.txt
Asparagus,59,Asparagus,28,/iconic-images-and-descriptions/Vegetables/Asparagus/Asparagus_Description.txt
Aubergine,60,Aubergine,29,/iconic-images-and-descriptions/Vegetables/Aubergine/Aubergine_Description.txt
Cabbage,61,Cabbage,30,/iconic-images-and-descriptions/Vegetables/Cabbage/Cabbage_Description.txt
Carrots,62,Carrots,31,/iconic-images-and-descriptions/Vegetables/Carrots/Carrots_Description.txt
Cucumber,63,Cucumber,32,/iconic-images-and-descriptions/Vegetables/Cucumber/Cucumber_Description.txt
Garlic,64,Garlic,33,/iconic-images-and-descriptions/Vegetables/Garlic/Garlic_Description.txt
Ginger,65,Ginger,34,/iconic-images-and-descriptions/Vegetables/Ginger/Ginger_Description.txt
Leek,66,Leek,35,/iconic-images-and-descriptions/Vegetables/Leek/Leek_Description.txt
Brown-Cap-Mushroom,67,Mushroom,36,/iconic-images-and-descriptions/Vegetables/Mushroom/Brown-Cap-Mushroom/Brown-Cap-Mushroom_Description.txt
Yellow-Onion,68,Onion,37,/iconic-images-and-descriptions/Vegetables/Onion/Yellow-Onion/Yellow-Onion_Description.txt
Green-Bell-Pepper,69,Pepper,38,/iconic-images-and-descriptions/Vegetables/Pepper/Green-Bell-Pepper/Green-Bell-Pepper_Description.txt
Orange-Bell-Pepper,70,Pepper,38,/iconic-images-and-descriptions/Vegetables/Pepper/Orange-Bell-Pepper/Orange-Bell-Pepper_Description.txt
Red-Bell-Pepper,71,Pepper,38,/iconic-images-and-descriptions/Vegetables/Pepper/Red-Bell-Pepper/Red-Bell-Pepper_Description.txt
Yellow-Bell-Pepper,72,Pepper,38,/iconic-images-and-descriptions/Vegetables/Pepper/Yellow-Bell-Pepper/Yellow-Bell-Pepper_Description.txt
Floury-Potato,73,Potato,39,/iconic-images-and-descriptions/Vegetables/Potato/Floury-Potato/Floury-Potato_Description.txt
Solid-Potato,74,Potato,39,/iconic-images-and-descriptions/Vegetables/Potato/Solid-Potato/Solid-Potato_Description.txt
Sweet-Potato,75,Potato,39,/iconic-images-and-descriptions/Vegetables/Potato/Sweet-Potato/Sweet-Potato_Description.txt
Red-Beet,76,Beet,40,/iconic-images-and-descriptions/Vegetables/Red-Beet/Red-Beet_Description.txt
Beef-Tomato,77,Tomato,41,/iconic-images-and-descriptions/Vegetables/Tomato/Beef-Tomato/Beef-Tomato_Description.txt
Regular-Tomato,78,Tomato,41,/iconic-images-and-descriptions/Vegetables/Tomato/Regular-Tomato/Regular-Tomato_Description.txt
Vine-Tomato,79,Tomato,41,/iconic-images-and-descriptions/Vegetables/Tomato/Vine-Tomato/Vine-Tomato_Description.txt
Zucchini,80,Zucchini,42,/iconic-images-and-descriptions/Vegetables/Zucchini/Zucchini_Description.txt
American,81,Cheeses,43,
Asiago,82,Cheeses,43,
Blue Cheese,83,Cheeses,43,
Bocconcini,84,Cheeses,43,
Brie,85,Cheeses,43,
Burrata,86,Cheeses,43,
Camembert,87,Cheeses,43,
Cheddar,88,Cheeses,43,
Cheese Curds,89,Cheeses,43,
Colby,90,Cheeses,43,
Colby-Jack Cheese,91,Cheeses,43,
Cold-Pack Cheese,92,Cheeses,43,
Cotija,93,Cheeses,43,
Cottage cheese,94,Cheeses,43,
Cream cheese,95,Cheeses,43,
Emmental,96,Cheeses,43,
Farmer’s,97,Cheeses,43,
Feta,98,Cheeses,43,
Gorgonzola ,99,Cheeses,43,
Gouda,100,Cheeses,43,
Gruyere,101,Cheeses,43,
Halloumi,102,Cheeses,43,
Havarti,103,Cheeses,43,
Limburger,104,Cheeses,43,
Mascarpone,105,Cheeses,43,
Monterey Jack,106,Cheeses,43,
Mozzarella,107,Cheeses,43,
Muenster,108,Cheeses,43,
Paneer,109,Cheeses,43,
Parmesan,110,Cheeses,43,
Provolone,111,Cheeses,43,
Ricotta,112,Cheeses,43,
Romano,113,Cheeses,43,
String Cheese,114,Cheeses,43,
Swiss,115,Cheeses,43,
Dent corn,116,Corn,42,
Flint corn,117,Corn,42,
Pod corn,118,Corn,42,
Popcorn,119,Corn,42,
Flour corn ,120,Corn,42,
Sweet corn,121,Corn,42,
